timeStamp,elapsed,label,responseCode,responseMessage,threadName,dataType,success,failureMessage,bytes,sentBytes,grpThreads,allThreads,Latency,IdleTime,Connect
1532620348018,2031,HTTP Request,Non HTTP response code: java.net.ConnectException,Non HTTP response message: Connection refused: connect,hc_spike_2 3-110,text,false,,2225,0,3,13,0,0,2030
1532620349002,2023,HTTP Request,Non HTTP response code: java.net.ConnectException,Non HTTP response message: Connection refused: connect,hc_spike_2 3-109,text,false,,2225,0,4,17,0,0,2023
1532620350003,2015,HTTP Request,Non HTTP response code: java.net.ConnectException,Non HTTP response message: Connection refused: connect,hc_spike_2 3-108,text,false,,2225,0,5,21,0,0,2015
1532620350053,2004,HTTP Request,Non HTTP response code: java.net.ConnectException,Non HTTP response message: Connection refused: connect,hc_spike_2 3-110,text,false,,2225,0,5,21,0,0,2004
1532620351002,2030,HTTP Request,Non HTTP response code: java.net.ConnectException,Non HTTP response message: Connection refused: connect,hc_spike_2 3-107,text,false,,2225,0,6,26,0,0,2030
1532620351026,2027,HTTP Request,Non HTTP response code: java.net.ConnectException,Non HTTP response message: Connection refused: connect,hc_spike_2 3-109,text,false,,2225,0,6,26,0,0,2027
1532620352003,2014,HTTP Request,Non HTTP response code: java.net.ConnectException,Non HTTP response message: Connection refused: connect,hc_spike_2 3-106,text,false,,2225,0,7,30,0,0,2014
1532620352019,2029,HTTP Request,Non HTTP response code: java.net.ConnectException,Non HTTP response message: Connection refused: connect,hc_spike_2 3-108,text,false,,2225,0,7,30,0,0,2029
1532620352058,2007,HTTP Request,Non HTTP response code: java.net.ConnectException,Non HTTP response message: Connection refused: connect,hc_spike_2 3-110,text,false,,2225,0,7,30,0,0,2007
1532620353002,2015,HTTP Request,Non HTTP response code: java.net.ConnectException,Non HTTP response message: Connection refused: connect,hc_spike_2 3-105,text,false,,2225,0,8,34,0,0,2015
1532620353033,2032,HTTP Request,Non HTTP response code: java.net.ConnectException,Non HTTP response message: Connection refused: connect,hc_spike_2 3-107,text,false,,2225,0,8,34,0,0,2031
1532620353053,2013,HTTP Request,Non HTTP response code: java.net.ConnectException,Non HTTP response message: Connection refused: connect,hc_spike_2 3-109,text,false,,2225,0,8,34,0,0,2013
1532620354018,2016,HTTP Request,Non HTTP response code: java.net.ConnectException,Non HTTP response message: Connection refused: connect,hc_spike_2 3-106,text,false,,2225,0,9,39,0,0,2016
1532620354003,2032,HTTP Request,Non HTTP response code: java.net.ConnectException,Non HTTP response message: Connection refused: connect,hc_spike_2 3-104,text,false,,2225,0,9,39,0,0,2031
1532620354048,2016,HTTP Request,Non HTTP response code: java.net.ConnectException,Non HTTP response message: Connection refused: connect,hc_spike_2 3-108,text,false,,2225,0,9,39,0,0,2016
1532620354065,2002,HTTP Request,Non HTTP response code: java.net.ConnectException,Non HTTP response message: Connection refused: connect,hc_spike_2 3-110,text,false,,2225,0,9,39,0,0,2002
1532620355001,2017,HTTP Request,Non HTTP response code: java.net.ConnectException,Non HTTP response message: Connection refused: connect,hc_spike_2 3-103,text,false,,2225,0,10,43,0,0,2017
1532620355018,2031,HTTP Request,Non HTTP response code: java.net.ConnectException,Non HTTP response message: Connection refused: connect,hc_spike_2 3-105,text,false,,2225,0,10,43,0,0,2031
1532620355065,2003,HTTP Request,Non HTTP response code: java.net.ConnectException,Non HTTP response message: Connection refused: connect,hc_spike_2 3-107,text,false,,2225,0,10,43,0,0,2003
1532620355066,2002,HTTP Request,Non HTTP response code: java.net.ConnectException,Non HTTP response message: Connection refused: connect,hc_spike_2 3-109,text,false,,2225,0,10,43,0,0,2002
1532620356003,2016,HTTP Request,Non HTTP response code: java.net.ConnectException,Non HTTP response message: Connection refused: connect,hc_spike_2 3-102,text,false,,2225,0,10,46,0,0,2016
1532620356035,2015,HTTP Request,Non HTTP response code: java.net.ConnectException,Non HTTP response message: Connection refused: connect,hc_spike_2 3-106,text,false,,2225,0,10,46,0,0,2015
1532620356036,2014,HTTP Request,Non HTTP response code: java.net.ConnectException,Non HTTP response message: Connection refused: connect,hc_spike_2 3-104,text,false,,2225,0,10,46,0,0,2014
1532620356068,2013,HTTP Request,Non HTTP response code: java.net.ConnectException,Non HTTP response message: Connection refused: connect,hc_spike_2 3-110,text,false,,2225,0,10,46,0,0,2013
1532620356065,2016,HTTP Request,Non HTTP response code: java.net.ConnectException,Non HTTP response message: Connection refused: connect,hc_spike_2 3-108,text,false,,2225,0,10,46,0,0,2016
1532620357003,2018,HTTP Request,Non HTTP response code: java.net.ConnectException,Non HTTP response message: Connection refused: connect,hc_spike_2 3-101,text,false,,2225,0,10,50,0,0,2018
1532620357019,2032,HTTP Request,Non HTTP response code: java.net.ConnectException,Non HTTP response message: Connection refused: connect,hc_spike_2 3-103,text,false,,2225,0,10,50,0,0,2032
1532620357050,2032,HTTP Request,Non HTTP response code: java.net.ConnectException,Non HTTP response message: Connection refused: connect,hc_spike_2 3-105,text,false,,2225,0,10,50,0,0,2032
1532620357069,2017,HTTP Request,Non HTTP response code: java.net.ConnectException,Non HTTP response message: Connection refused: connect,hc_spike_2 3-109,text,false,,2225,0,10,50,0,0,2017
1532620357069,2017,HTTP Request,Non HTTP response code: java.net.ConnectException,Non HTTP response message: Connection refused: connect,hc_spike_2 3-107,text,false,,2225,0,10,50,0,0,2017
1532620358020,2006,HTTP Request,Non HTTP response code: java.net.ConnectException,Non HTTP response message: Connection refused: connect,hc_spike_2 3-102,text,false,,2225,0,10,53,0,0,2006
1532620358051,2017,HTTP Request,Non HTTP response code: java.net.ConnectException,Non HTTP response message: Connection refused: connect,hc_spike_2 3-106,text,false,,2225,0,10,53,0,0,2017
1532620358052,2016,HTTP Request,Non HTTP response code: java.net.ConnectException,Non HTTP response message: Connection refused: connect,hc_spike_2 3-104,text,false,,2225,0,10,53,0,0,2016
1532620358082,2007,HTTP Request,Non HTTP response code: java.net.ConnectException,Non HTTP response message: Connection refused: connect,hc_spike_2 3-110,text,false,,2225,0,10,53,0,0,2007
1532620358082,2009,HTTP Request,Non HTTP response code: java.net.ConnectException,Non HTTP response message: Connection refused: connect,hc_spike_2 3-108,text,false,,2225,0,10,53,0,0,2008
1532620359022,2013,HTTP Request,Non HTTP response code: java.net.ConnectException,Non HTTP response message: Connection refused: connect,hc_spike_2 3-101,text,false,,2225,0,10,56,0,0,2013
1532620359053,2002,HTTP Request,Non HTTP response code: java.net.ConnectException,Non HTTP response message: Connection refused: connect,hc_spike_2 3-103,text,false,,2225,0,10,56,0,0,2001
1532620359084,2004,HTTP Request,Non HTTP response code: java.net.ConnectException,Non HTTP response message: Connection refused: connect,hc_spike_2 3-105,text,false,,2225,0,10,57,0,0,2004
1532620359088,2003,HTTP Request,Non HTTP response code: java.net.ConnectException,Non HTTP response message: Connection refused: connect,hc_spike_2 3-109,text,false,,2225,0,10,57,0,0,2003
1532620359088,2005,HTTP Request,Non HTTP response code: java.net.ConnectException,Non HTTP response message: Connection refused: connect,hc_spike_2 3-107,text,false,,2225,0,10,57,0,0,2005
1532620360028,2021,HTTP Request,Non HTTP response code: java.net.ConnectException,Non HTTP response message: Connection refused: connect,hc_spike_2 3-102,text,false,,2225,0,10,60,0,0,2021
1532620360069,2003,HTTP Request,Non HTTP response code: java.net.ConnectException,Non HTTP response message: Connection refused: connect,hc_spike_2 3-106,text,false,,2225,0,10,60,0,0,2003
1532620360069,2003,HTTP Request,Non HTTP response code: java.net.ConnectException,Non HTTP response message: Connection refused: connect,hc_spike_2 3-104,text,false,,2225,0,10,60,0,0,2003
1532620360090,2007,HTTP Request,Non HTTP response code: java.net.ConnectException,Non HTTP response message: Connection refused: connect,hc_spike_2 3-110,text,false,,2225,0,10,60,0,0,2007
1532620360092,2007,HTTP Request,Non HTTP response code: java.net.ConnectException,Non HTTP response message: Connection refused: connect,hc_spike_2 3-108,text,false,,2225,0,10,60,0,0,2007
1532620361037,2021,HTTP Request,Non HTTP response code: java.net.ConnectException,Non HTTP response message: Connection refused: connect,hc_spike_2 3-101,text,false,,2225,0,10,63,0,0,2021
1532620361056,2018,HTTP Request,Non HTTP response code: java.net.ConnectException,Non HTTP response message: Connection refused: connect,hc_spike_2 3-103,text,false,,2225,0,10,63,0,0,2017
1532620361092,2002,HTTP Request,Non HTTP response code: java.net.ConnectException,Non HTTP response message: Connection refused: connect,hc_spike_2 3-109,text,false,,2225,0,10,63,0,0,2002
1532620361089,2007,HTTP Request,Non HTTP response code: java.net.ConnectException,Non HTTP response message: Connection refused: connect,hc_spike_2 3-105,text,false,,2225,0,10,63,0,0,2007
1532620361094,2008,HTTP Request,Non HTTP response code: java.net.ConnectException,Non HTTP response message: Connection refused: connect,hc_spike_2 3-107,text,false,,2225,0,10,63,0,0,2008
1532620362049,2018,HTTP Request,Non HTTP response code: java.net.ConnectException,Non HTTP response message: Connection refused: connect,hc_spike_2 3-102,text,false,,2225,0,10,66,0,0,2018
1532620362073,2010,HTTP Request,Non HTTP response code: java.net.ConnectException,Non HTTP response message: Connection refused: connect,hc_spike_2 3-106,text,false,,2225,0,10,66,0,0,2010
1532620362073,2010,HTTP Request,Non HTTP response code: java.net.ConnectException,Non HTTP response message: Connection refused: connect,hc_spike_2 3-104,text,false,,2225,0,10,66,0,0,2010
1532620362098,2001,HTTP Request,Non HTTP response code: java.net.ConnectException,Non HTTP response message: Connection refused: connect,hc_spike_2 3-110,text,false,,2225,0,10,67,0,0,2001
1532620362100,2002,HTTP Request,Non HTTP response code: java.net.ConnectException,Non HTTP response message: Connection refused: connect,hc_spike_2 3-108,text,false,,2225,0,10,67,0,0,2002
1532620363058,2011,HTTP Request,Non HTTP response code: java.net.ConnectException,Non HTTP response message: Connection refused: connect,hc_spike_2 3-101,text,false,,2225,0,10,70,0,0,2011
1532620363074,2010,HTTP Request,Non HTTP response code: java.net.ConnectException,Non HTTP response message: Connection refused: connect,hc_spike_2 3-103,text,false,,2225,0,10,70,0,0,2010
1532620363096,2001,HTTP Request,Non HTTP response code: java.net.ConnectException,Non HTTP response message: Connection refused: connect,hc_spike_2 3-105,text,false,,2225,0,10,70,0,0,2001
1532620363094,2005,HTTP Request,Non HTTP response code: java.net.ConnectException,Non HTTP response message: Connection refused: connect,hc_spike_2 3-109,text,false,,2225,0,10,70,0,0,2005
1532620363102,2001,HTTP Request,Non HTTP response code: java.net.ConnectException,Non HTTP response message: Connection refused: connect,hc_spike_2 3-107,text,false,,2225,0,10,70,0,0,2001
1532620364067,2006,HTTP Request,Non HTTP response code: java.net.ConnectException,Non HTTP response message: Connection refused: connect,hc_spike_2 3-102,text,false,,2225,0,10,73,0,0,2006
1532620364083,2006,HTTP Request,Non HTTP response code: java.net.ConnectException,Non HTTP response message: Connection refused: connect,hc_spike_2 3-104,text,false,,2225,0,10,73,0,0,2006
1532620364083,2007,HTTP Request,Non HTTP response code: java.net.ConnectException,Non HTTP response message: Connection refused: connect,hc_spike_2 3-106,text,false,,2225,0,10,73,0,0,2006
1532620364099,2003,HTTP Request,Non HTTP response code: java.net.ConnectException,Non HTTP response message: Connection refused: connect,hc_spike_2 3-110,text,false,,2225,0,10,73,0,0,2003
1532620364102,2010,HTTP Request,Non HTTP response code: java.net.ConnectException,Non HTTP response message: Connection refused: connect,hc_spike_2 3-108,text,false,,2225,0,10,73,0,0,2010
1532620365068,2007,HTTP Request,Non HTTP response code: java.net.ConnectException,Non HTTP response message: Connection refused: connect,hc_spike_2 3-101,text,false,,2225,0,17,83,0,0,2007
1532620365083,2006,HTTP Request,Non HTTP response code: java.net.ConnectException,Non HTTP response message: Connection refused: connect,hc_spike_2 3-103,text,false,,2225,0,18,85,0,0,2006
1532620365096,2000,HTTP Request,Non HTTP response code: java.net.ConnectException,Non HTTP response message: Connection refused: connect,hc_spike_2 3-105,text,false,,2225,0,19,86,0,0,2000
1532620365099,2003,HTTP Request,Non HTTP response code: java.net.ConnectException,Non HTTP response message: Connection refused: connect,hc_spike_2 3-109,text,false,,2225,0,20,87,0,0,2003
1532620365102,2003,HTTP Request,Non HTTP response code: java.net.ConnectException,Non HTTP response message: Connection refused: connect,hc_spike_2 3-107,text,false,,2225,0,20,87,0,0,2002
1532620366074,2005,HTTP Request,Non HTTP response code: java.net.ConnectException,Non HTTP response message: Connection refused: connect,hc_spike_2 3-102,text,false,,2225,0,110,180,0,0,2005
1532620366090,2004,HTTP Request,Non HTTP response code: java.net.ConnectException,Non HTTP response message: Connection refused: connect,hc_spike_2 3-106,text,false,,2225,0,110,180,0,0,2004
1532620366090,2004,HTTP Request,Non HTTP response code: java.net.ConnectException,Non HTTP response message: Connection refused: connect,hc_spike_2 3-104,text,false,,2225,0,110,180,0,0,2004
1532620366103,2007,HTTP Request,Non HTTP response code: java.net.ConnectException,Non HTTP response message: Connection refused: connect,hc_spike_2 3-110,text,false,,2225,0,110,180,0,0,2007
1532620366113,2012,HTTP Request,Non HTTP response code: java.net.ConnectException,Non HTTP response message: Connection refused: connect,hc_spike_2 3-108,text,false,,2225,0,110,180,0,0,2012
1532620367011,2005,HTTP Request,Non HTTP response code: java.net.ConnectException,Non HTTP response message: Connection refused: connect,hc_spike_2 3-100,text,false,,2225,0,110,183,0,0,2005
1532620367030,2017,HTTP Request,Non HTTP response code: java.net.ConnectException,Non HTTP response message: Connection refused: connect,hc_spike_2 3-98,text,false,,2225,0,109,182,0,0,2017
1532620367051,2012,HTTP Request,Non HTTP response code: java.net.ConnectException,Non HTTP response message: Connection refused: connect,hc_spike_2 3-96,text,false,,2225,0,108,181,0,0,2012
1532620367020,2043,HTTP Request,Non HTTP response code: java.net.ConnectException,Non HTTP response message: Connection refused: connect,hc_spike_2 3-99,text,false,,2225,0,108,181,0,0,2043
1532620367041,2022,HTTP Request,Non HTTP response code: java.net.ConnectException,Non HTTP response message: Connection refused: connect,hc_spike_2 3-97,text,false,,2225,0,108,181,0,0,2022
1532620367071,2023,HTTP Request,Non HTTP response code: java.net.ConnectException,Non HTTP response message: Connection refused: connect,hc_spike_2 3-94,text,false,,2225,0,105,178,0,0,2023
1532620367090,2004,HTTP Request,Non HTTP response code: java.net.ConnectException,Non HTTP response message: Connection refused: connect,hc_spike_2 3-103,text,false,,2225,0,105,178,0,0,2004
1532620367061,2033,HTTP Request,Non HTTP response code: java.net.ConnectException,Non HTTP response message: Connection refused: connect,hc_spike_2 3-95,text,false,,2225,0,105,178,0,0,2033
1532620367076,2034,HTTP Request,Non HTTP response code: java.net.ConnectException,Non HTTP response message: Connection refused: connect,hc_spike_2 3-101,text,false,,2225,0,103,176,0,0,2034
1532620367091,2019,HTTP Request,Non HTTP response code: java.net.ConnectException,Non HTTP response message: Connection refused: connect,hc_spike_2 3-92,text,false,,2225,0,103,176,0,0,2019
1532620367100,2026,HTTP Request,Non HTTP response code: java.net.ConnectException,Non HTTP response message: Connection refused: connect,hc_spike_2 3-91,text,false,,2225,0,102,175,0,0,2026
1532620367081,2046,HTTP Request,Non HTTP response code: java.net.ConnectException,Non HTTP response message: Connection refused: connect,hc_spike_2 3-93,text,false,,2225,0,102,175,0,0,2046
1532620367105,2022,HTTP Request,Non HTTP response code: java.net.ConnectException,Non HTTP response message: Connection refused: connect,hc_spike_2 3-107,text,false,,2225,0,102,175,0,0,2022
1532620367102,2024,HTTP Request,Non HTTP response code: java.net.ConnectException,Non HTTP response message: Connection refused: connect,hc_spike_2 3-109,text,false,,2225,0,102,175,0,0,2024
1532620367096,2033,HTTP Request,Non HTTP response code: java.net.ConnectException,Non HTTP response message: Connection refused: connect,hc_spike_2 3-105,text,false,,2225,0,101,174,0,0,2033
1532620367140,2001,HTTP Request,Non HTTP response code: java.net.ConnectException,Non HTTP response message: Connection refused: connect,hc_spike_2 3-87,text,false,,2225,0,100,173,0,0,2001
1532620367111,2030,HTTP Request,Non HTTP response code: java.net.ConnectException,Non HTTP response message: Connection refused: connect,hc_spike_2 3-90,text,false,,2225,0,100,173,0,0,2030
1532620367130,2011,HTTP Request,Non HTTP response code: java.net.ConnectException,Non HTTP response message: Connection refused: connect,hc_spike_2 3-88,text,false,,2225,0,100,173,0,0,2011
1532620367121,2021,HTTP Request,Non HTTP response code: java.net.ConnectException,Non HTTP response message: Connection refused: connect,hc_spike_2 3-89,text,false,,2225,0,99,172,0,0,2021
1532620367150,2007,HTTP Request,Non HTTP response code: java.net.ConnectException,Non HTTP response message: Connection refused: connect,hc_spike_2 3-86,text,false,,2225,0,96,169,0,0,2007
1532620367161,2027,HTTP Request,Non HTTP response code: java.net.ConnectException,Non HTTP response message: Connection refused: connect,hc_spike_2 3-85,text,false,,2225,0,95,168,0,0,2027
1532620367180,2024,HTTP Request,Non HTTP response code: java.net.ConnectException,Non HTTP response message: Connection refused: connect,hc_spike_2 3-83,text,false,,2225,0,94,168,0,0,2024
1532620367171,2033,HTTP Request,Non HTTP response code: java.net.ConnectException,Non HTTP response message: Connection refused: connect,hc_spike_2 3-84,text,false,,2225,0,94,168,0,0,2033
1532620367191,2028,HTTP Request,Non HTTP response code: java.net.ConnectException,Non HTTP response message: Connection refused: connect,hc_spike_2 3-82,text,false,,2225,0,92,166,0,0,2028
1532620367201,2034,HTTP Request,Non HTTP response code: java.net.ConnectException,Non HTTP response message: Connection refused: connect,hc_spike_2 3-81,text,false,,2225,0,91,165,0,0,2034
1532620367221,2029,HTTP Request,Non HTTP response code: java.net.ConnectException,Non HTTP response message: Connection refused: connect,hc_spike_2 3-79,text,false,,2225,0,90,164,0,0,2029
1532620367211,2039,HTTP Request,Non HTTP response code: java.net.ConnectException,Non HTTP response message: Connection refused: connect,hc_spike_2 3-80,text,false,,2225,0,90,164,0,0,2039
1532620367230,2020,HTTP Request,Non HTTP response code: java.net.ConnectException,Non HTTP response message: Connection refused: connect,hc_spike_2 3-78,text,false,,2225,0,90,164,0,0,2020
1532620367240,2026,HTTP Request,Non HTTP response code: java.net.ConnectException,Non HTTP response message: Connection refused: connect,hc_spike_2 3-77,text,false,,2225,0,87,161,0,0,2026
1532620367251,2031,HTTP Request,Non HTTP response code: java.net.ConnectException,Non HTTP response message: Connection refused: connect,hc_spike_2 3-76,text,false,,2225,0,86,160,0,0,2031
1532620367260,2022,HTTP Request,Non HTTP response code: java.net.ConnectException,Non HTTP response message: Connection refused: connect,hc_spike_2 3-75,text,false,,2225,0,86,160,0,0,2022
1532620367270,2027,HTTP Request,Non HTTP response code: java.net.ConnectException,Non HTTP response message: Connection refused: connect,hc_spike_2 3-74,text,false,,2225,0,84,158,0,0,2027
1532620367281,2016,HTTP Request,Non HTTP response code: java.net.ConnectException,Non HTTP response message: Connection refused: connect,hc_spike_2 3-73,text,false,,2225,0,84,158,0,0,2016
1532620367290,2007,HTTP Request,Non HTTP response code: java.net.ConnectException,Non HTTP response message: Connection refused: connect,hc_spike_2 3-72,text,false,,2225,0,84,158,0,0,2007
1532620367301,2028,HTTP Request,Non HTTP response code: java.net.ConnectException,Non HTTP response message: Connection refused: connect,hc_spike_2 3-71,text,false,,2225,0,81,155,0,0,2028
1532620367341,2003,HTTP Request,Non HTTP response code: java.net.ConnectException,Non HTTP response message: Connection refused: connect,hc_spike_2 3-67,text,false,,2225,0,80,154,0,0,2003
1532620367321,2023,HTTP Request,Non HTTP response code: java.net.ConnectException,Non HTTP response message: Connection refused: connect,hc_spike_2 3-69,text,false,,2225,0,80,154,0,0,2023
1532620367311,2034,HTTP Request,Non HTTP response code: java.net.ConnectException,Non HTTP response message: Connection refused: connect,hc_spike_2 3-70,text,false,,2225,0,80,154,0,0,2034
1532620367352,2024,HTTP Request,Non HTTP response code: java.net.ConnectException,Non HTTP response message: Connection refused: connect,hc_spike_2 3-66,text,false,,2225,0,77,151,0,0,2024
1532620367331,2045,HTTP Request,Non HTTP response code: java.net.ConnectException,Non HTTP response message: Connection refused: connect,hc_spike_2 3-68,text,false,,2225,0,77,151,0,0,2045
1532620367371,2020,HTTP Request,Non HTTP response code: java.net.ConnectException,Non HTTP response message: Connection refused: connect,hc_spike_2 3-64,text,false,,2225,0,75,149,0,0,2020
1532620367361,2046,HTTP Request,Non HTTP response code: java.net.ConnectException,Non HTTP response message: Connection refused: connect,hc_spike_2 3-65,text,false,,2225,0,74,148,0,0,2046
1532620367381,2026,HTTP Request,Non HTTP response code: java.net.ConnectException,Non HTTP response message: Connection refused: connect,hc_spike_2 3-63,text,false,,2225,0,74,148,0,0,2026
1532620367402,2020,HTTP Request,Non HTTP response code: java.net.ConnectException,Non HTTP response message: Connection refused: connect,hc_spike_2 3-61,text,false,,2225,0,72,146,0,0,2020
1532620367431,2007,HTTP Request,Non HTTP response code: java.net.ConnectException,Non HTTP response message: Connection refused: connect,hc_spike_2 3-58,text,false,,2225,0,71,145,0,0,2007
1532620367421,2017,HTTP Request,Non HTTP response code: java.net.ConnectException,Non HTTP response message: Connection refused: connect,hc_spike_2 3-59,text,false,,2225,0,71,145,0,0,2017
1532620367391,2047,HTTP Request,Non HTTP response code: java.net.ConnectException,Non HTTP response message: Connection refused: connect,hc_spike_2 3-62,text,false,,2225,0,71,145,0,0,2047
1532620367411,2028,HTTP Request,Non HTTP response code: java.net.ConnectException,Non HTTP response message: Connection refused: connect,hc_spike_2 3-60,text,false,,2225,0,70,144,0,0,2028
1532620367441,2044,HTTP Request,Non HTTP response code: java.net.ConnectException,Non HTTP response message: Connection refused: connect,hc_spike_2 3-57,text,false,,2225,0,67,141,0,0,2044
1532620367452,2033,HTTP Request,Non HTTP response code: java.net.ConnectException,Non HTTP response message: Connection refused: connect,hc_spike_2 3-56,text,false,,2225,0,67,141,0,0,2033
1532620367461,2024,HTTP Request,Non HTTP response code: java.net.ConnectException,Non HTTP response message: Connection refused: connect,hc_spike_2 3-55,text,false,,2225,0,67,141,0,0,2024
1532620367471,2030,HTTP Request,Non HTTP response code: java.net.ConnectException,Non HTTP response message: Connection refused: connect,hc_spike_2 3-54,text,false,,2225,0,64,139,0,0,2029
1532620367481,2020,HTTP Request,Non HTTP response code: java.net.ConnectException,Non HTTP response message: Connection refused: connect,hc_spike_2 3-53,text,false,,2225,0,64,139,0,0,2019
1532620367501,2015,HTTP Request,Non HTTP response code: java.net.ConnectException,Non HTTP response message: Connection refused: connect,hc_spike_2 3-51,text,false,,2225,0,62,137,0,0,2015
1532620367511,2005,HTTP Request,Non HTTP response code: java.net.ConnectException,Non HTTP response message: Connection refused: connect,hc_spike_2 3-50,text,false,,2225,0,62,137,0,0,2005
1532620367491,2025,HTTP Request,Non HTTP response code: java.net.ConnectException,Non HTTP response message: Connection refused: connect,hc_spike_2 3-52,text,false,,2225,0,62,137,0,0,2025
1532620367532,2015,HTTP Request,Non HTTP response code: java.net.ConnectException,Non HTTP response message: Connection refused: connect,hc_spike_2 3-48,text,false,,2225,0,59,134,0,0,2015
1532620367522,2041,HTTP Request,Non HTTP response code: java.net.ConnectException,Non HTTP response message: Connection refused: connect,hc_spike_2 3-49,text,false,,2225,0,58,133,0,0,2041
1532620367552,2011,HTTP Request,Non HTTP response code: java.net.ConnectException,Non HTTP response message: Connection refused: connect,hc_spike_2 3-46,text,false,,2225,0,58,133,0,0,2011
1532620367561,2018,HTTP Request,Non HTTP response code: java.net.ConnectException,Non HTTP response message: Connection refused: connect,hc_spike_2 3-45,text,false,,2225,0,56,131,0,0,2018
1532620367542,2037,HTTP Request,Non HTTP response code: java.net.ConnectException,Non HTTP response message: Connection refused: connect,hc_spike_2 3-47,text,false,,2225,0,56,131,0,0,2037
1532620367591,2003,HTTP Request,Non HTTP response code: java.net.ConnectException,Non HTTP response message: Connection refused: connect,hc_spike_2 3-42,text,false,,2225,0,54,129,0,0,2003
1532620367571,2023,HTTP Request,Non HTTP response code: java.net.ConnectException,Non HTTP response message: Connection refused: connect,hc_spike_2 3-44,text,false,,2225,0,54,129,0,0,2023
1532620367581,2029,HTTP Request,Non HTTP response code: java.net.ConnectException,Non HTTP response message: Connection refused: connect,hc_spike_2 3-43,text,false,,2225,0,52,127,0,0,2029
1532620367601,2024,HTTP Request,Non HTTP response code: java.net.ConnectException,Non HTTP response message: Connection refused: connect,hc_spike_2 3-41,text,false,,2225,0,51,126,0,0,2024
1532620367641,2000,HTTP Request,Non HTTP response code: java.net.ConnectException,Non HTTP response message: Connection refused: connect,hc_spike_2 3-37,text,false,,2225,0,50,125,0,0,2000
1532620367611,2030,HTTP Request,Non HTTP response code: java.net.ConnectException,Non HTTP response message: Connection refused: connect,hc_spike_2 3-40,text,false,,2225,0,50,125,0,0,2030
1532620367631,2011,HTTP Request,Non HTTP response code: java.net.ConnectException,Non HTTP response message: Connection refused: connect,hc_spike_2 3-38,text,false,,2225,0,48,123,0,0,2011
1532620367621,2021,HTTP Request,Non HTTP response code: java.net.ConnectException,Non HTTP response message: Connection refused: connect,hc_spike_2 3-39,text,false,,2225,0,47,122,0,0,2021
1532620367652,2020,HTTP Request,Non HTTP response code: java.net.ConnectException,Non HTTP response message: Connection refused: connect,hc_spike_2 3-36,text,false,,2225,0,46,121,0,0,2020
1532620367671,2033,HTTP Request,Non HTTP response code: java.net.ConnectException,Non HTTP response message: Connection refused: connect,hc_spike_2 3-34,text,false,,2225,0,45,120,0,0,2033
1532620367681,2023,HTTP Request,Non HTTP response code: java.net.ConnectException,Non HTTP response message: Connection refused: connect,hc_spike_2 3-33,text,false,,2225,0,45,120,0,0,2023
1532620367662,2042,HTTP Request,Non HTTP response code: java.net.ConnectException,Non HTTP response message: Connection refused: connect,hc_spike_2 3-35,text,false,,2225,0,45,120,0,0,2042
1532620367702,2017,HTTP Request,Non HTTP response code: java.net.ConnectException,Non HTTP response message: Connection refused: connect,hc_spike_2 3-31,text,false,,2225,0,42,117,0,0,2017
1532620367691,2028,HTTP Request,Non HTTP response code: java.net.ConnectException,Non HTTP response message: Connection refused: connect,hc_spike_2 3-32,text,false,,2225,0,42,117,0,0,2028
1532620367721,2014,HTTP Request,Non HTTP response code: java.net.ConnectException,Non HTTP response message: Connection refused: connect,hc_spike_2 3-29,text,false,,2225,0,40,115,0,0,2014
1532620367711,2040,HTTP Request,Non HTTP response code: java.net.ConnectException,Non HTTP response message: Connection refused: connect,hc_spike_2 3-30,text,false,,2225,0,39,114,0,0,2039
1532620367731,2020,HTTP Request,Non HTTP response code: java.net.ConnectException,Non HTTP response message: Connection refused: connect,hc_spike_2 3-28,text,false,,2225,0,39,114,0,0,2020
1532620367741,2025,HTTP Request,Non HTTP response code: java.net.ConnectException,Non HTTP response message: Connection refused: connect,hc_spike_2 3-27,text,false,,2225,0,37,112,0,0,2025
1532620367751,2031,HTTP Request,Non HTTP response code: java.net.ConnectException,Non HTTP response message: Connection refused: connect,hc_spike_2 3-26,text,false,,2225,0,36,111,0,0,2031
1532620367761,2021,HTTP Request,Non HTTP response code: java.net.ConnectException,Non HTTP response message: Connection refused: connect,hc_spike_2 3-25,text,false,,2225,0,36,111,0,0,2021
1532620367771,2042,HTTP Request,Non HTTP response code: java.net.ConnectException,Non HTTP response message: Connection refused: connect,hc_spike_2 3-24,text,false,,2225,0,34,110,0,0,2042
1532620367801,2012,HTTP Request,Non HTTP response code: java.net.ConnectException,Non HTTP response message: Connection refused: connect,hc_spike_2 3-21,text,false,,2225,0,34,110,0,0,2012
1532620367791,2038,HTTP Request,Non HTTP response code: java.net.ConnectException,Non HTTP response message: Connection refused: connect,hc_spike_2 3-22,text,false,,2225,0,32,108,0,0,2038
1532620367781,2048,HTTP Request,Non HTTP response code: java.net.ConnectException,Non HTTP response message: Connection refused: connect,hc_spike_2 3-23,text,false,,2225,0,32,108,0,0,2048
1532620367811,2033,HTTP Request,Non HTTP response code: java.net.ConnectException,Non HTTP response message: Connection refused: connect,hc_spike_2 3-20,text,false,,2225,0,30,106,0,0,2033
1532620367841,2003,HTTP Request,Non HTTP response code: java.net.ConnectException,Non HTTP response message: Connection refused: connect,hc_spike_2 3-17,text,false,,2225,0,30,106,0,0,2003
1532620367831,2013,HTTP Request,Non HTTP response code: java.net.ConnectException,Non HTTP response message: Connection refused: connect,hc_spike_2 3-18,text,false,,2225,0,30,106,0,0,2013
1532620367821,2023,HTTP Request,Non HTTP response code: java.net.ConnectException,Non HTTP response message: Connection refused: connect,hc_spike_2 3-19,text,false,,2225,0,30,106,0,0,2023
1532620367861,2030,HTTP Request,Non HTTP response code: java.net.ConnectException,Non HTTP response message: Connection refused: connect,hc_spike_2 3-15,text,false,,2225,0,26,102,0,0,2030
1532620367881,2026,HTTP Request,Non HTTP response code: java.net.ConnectException,Non HTTP response message: Connection refused: connect,hc_spike_2 3-13,text,false,,2225,0,25,101,0,0,2026
1532620367851,2056,HTTP Request,Non HTTP response code: java.net.ConnectException,Non HTTP response message: Connection refused: connect,hc_spike_2 3-16,text,false,,2225,0,25,101,0,0,2056
1532620367871,2036,HTTP Request,Non HTTP response code: java.net.ConnectException,Non HTTP response message: Connection refused: connect,hc_spike_2 3-14,text,false,,2225,0,25,101,0,0,2036
1532620367891,2032,HTTP Request,Non HTTP response code: java.net.ConnectException,Non HTTP response message: Connection refused: connect,hc_spike_2 3-12,text,false,,2225,0,22,98,0,0,2032
1532620367911,2027,HTTP Request,Non HTTP response code: java.net.ConnectException,Non HTTP response message: Connection refused: connect,hc_spike_2 3-10,text,false,,2225,0,21,97,0,0,2027
1532620367901,2037,HTTP Request,Non HTTP response code: java.net.ConnectException,Non HTTP response message: Connection refused: connect,hc_spike_2 3-11,text,false,,2225,0,21,97,0,0,2037
1532620367921,2033,HTTP Request,Non HTTP response code: java.net.ConnectException,Non HTTP response message: Connection refused: connect,hc_spike_2 3-9,text,false,,2225,0,19,95,0,0,2033
1532620367931,2023,HTTP Request,Non HTTP response code: java.net.ConnectException,Non HTTP response message: Connection refused: connect,hc_spike_2 3-8,text,false,,2225,0,19,95,0,0,2023
1532620367950,2004,HTTP Request,Non HTTP response code: java.net.ConnectException,Non HTTP response message: Connection refused: connect,hc_spike_2 3-6,text,false,,2225,0,19,95,0,0,2004
1532620367941,2013,HTTP Request,Non HTTP response code: java.net.ConnectException,Non HTTP response message: Connection refused: connect,hc_spike_2 3-7,text,false,,2225,0,19,95,0,0,2013
1532620367970,2030,HTTP Request,Non HTTP response code: java.net.ConnectException,Non HTTP response message: Connection refused: connect,hc_spike_2 3-4,text,false,,2225,0,15,91,0,0,2030
1532620367961,2040,HTTP Request,Non HTTP response code: java.net.ConnectException,Non HTTP response message: Connection refused: connect,hc_spike_2 3-5,text,false,,2225,0,15,91,0,0,2040
1532620367981,2020,HTTP Request,Non HTTP response code: java.net.ConnectException,Non HTTP response message: Connection refused: connect,hc_spike_2 3-3,text,false,,2225,0,15,91,0,0,2020
1532620367990,2011,HTTP Request,Non HTTP response code: java.net.ConnectException,Non HTTP response message: Connection refused: connect,hc_spike_2 3-2,text,false,,2225,0,15,91,0,0,2011
1532620368001,2031,HTTP Request,Non HTTP response code: java.net.ConnectException,Non HTTP response message: Connection refused: connect,hc_spike_2 3-1,text,false,,2225,0,11,87,0,0,2031
1532620368080,2014,HTTP Request,Non HTTP response code: java.net.ConnectException,Non HTTP response message: Connection refused: connect,hc_spike_2 3-102,text,false,,2225,0,10,86,0,0,2014
1532620368095,2031,HTTP Request,Non HTTP response code: java.net.ConnectException,Non HTTP response message: Connection refused: connect,hc_spike_2 3-106,text,false,,2225,0,10,87,0,0,2031
1532620368110,2031,HTTP Request,Non HTTP response code: java.net.ConnectException,Non HTTP response message: Connection refused: connect,hc_spike_2 3-110,text,false,,2225,0,10,87,0,0,2031
1532620368095,2062,HTTP Request,Non HTTP response code: java.net.ConnectException,Non HTTP response message: Connection refused: connect,hc_spike_2 3-104,text,false,,2225,0,10,87,0,0,2062
1532620368126,2031,HTTP Request,Non HTTP response code: java.net.ConnectException,Non HTTP response message: Connection refused: connect,hc_spike_2 3-108,text,false,,2225,0,10,87,0,0,2031
1532620369096,2046,HTTP Request,Non HTTP response code: java.net.ConnectException,Non HTTP response message: Connection refused: connect,hc_spike_2 3-103,text,false,,2225,0,10,90,0,0,2046
1532620369111,2031,HTTP Request,Non HTTP response code: java.net.ConnectException,Non HTTP response message: Connection refused: connect,hc_spike_2 3-101,text,false,,2225,0,10,90,0,0,2031
1532620369132,2026,HTTP Request,Non HTTP response code: java.net.ConnectException,Non HTTP response message: Connection refused: connect,hc_spike_2 3-105,text,false,,2225,0,10,90,0,0,2026
1532620369132,2027,HTTP Request,Non HTTP response code: java.net.ConnectException,Non HTTP response message: Connection refused: connect,hc_spike_2 3-109,text,false,,2225,0,10,90,0,0,2027
1532620369129,2029,HTTP Request,Non HTTP response code: java.net.ConnectException,Non HTTP response message: Connection refused: connect,hc_spike_2 3-107,text,false,,2225,0,10,90,0,0,2029
1532620370096,2019,HTTP Request,Non HTTP response code: java.net.ConnectException,Non HTTP response message: Connection refused: connect,hc_spike_2 3-102,text,false,,2225,0,10,93,0,0,2019
1532620370127,2020,HTTP Request,Non HTTP response code: java.net.ConnectException,Non HTTP response message: Connection refused: connect,hc_spike_2 3-106,text,false,,2225,0,10,93,0,0,2020
1532620370143,2020,HTTP Request,Non HTTP response code: java.net.ConnectException,Non HTTP response message: Connection refused: connect,hc_spike_2 3-110,text,false,,2225,0,10,93,0,0,2020
1532620370158,2019,HTTP Request,Non HTTP response code: java.net.ConnectException,Non HTTP response message: Connection refused: connect,hc_spike_2 3-104,text,false,,2225,0,10,93,0,0,2019
1532620370158,2019,HTTP Request,Non HTTP response code: java.net.ConnectException,Non HTTP response message: Connection refused: connect,hc_spike_2 3-108,text,false,,2225,0,10,93,0,0,2019
1532620371143,2005,HTTP Request,Non HTTP response code: java.net.ConnectException,Non HTTP response message: Connection refused: connect,hc_spike_2 3-103,text,false,,2225,0,10,97,0,0,2005
1532620371143,2007,HTTP Request,Non HTTP response code: java.net.ConnectException,Non HTTP response message: Connection refused: connect,hc_spike_2 3-101,text,false,,2225,0,10,97,0,0,2007
1532620371160,2004,HTTP Request,Non HTTP response code: java.net.ConnectException,Non HTTP response message: Connection refused: connect,hc_spike_2 3-105,text,false,,2225,0,10,97,0,0,2004
1532620371161,2003,HTTP Request,Non HTTP response code: java.net.ConnectException,Non HTTP response message: Connection refused: connect,hc_spike_2 3-107,text,false,,2225,0,10,97,0,0,2003
1532620371160,2005,HTTP Request,Non HTTP response code: java.net.ConnectException,Non HTTP response message: Connection refused: connect,hc_spike_2 3-109,text,false,,2225,0,10,97,0,0,2005
1532620372116,2001,HTTP Request,Non HTTP response code: java.net.ConnectException,Non HTTP response message: Connection refused: connect,hc_spike_2 3-102,text,false,,2225,0,10,100,0,0,2001
1532620372148,2000,HTTP Request,Non HTTP response code: java.net.ConnectException,Non HTTP response message: Connection refused: connect,hc_spike_2 3-106,text,false,,2225,0,10,100,0,0,2000
1532620372164,2003,HTTP Request,Non HTTP response code: java.net.ConnectException,Non HTTP response message: Connection refused: connect,hc_spike_2 3-110,text,false,,2225,0,10,100,0,0,2003
1532620372178,2002,HTTP Request,Non HTTP response code: java.net.ConnectException,Non HTTP response message: Connection refused: connect,hc_spike_2 3-108,text,false,,2225,0,10,100,0,0,2002
1532620372178,2003,HTTP Request,Non HTTP response code: java.net.ConnectException,Non HTTP response message: Connection refused: connect,hc_spike_2 3-104,text,false,,2225,0,10,100,0,0,2003
1532620373149,2001,HTTP Request,Non HTTP response code: java.net.ConnectException,Non HTTP response message: Connection refused: connect,hc_spike_2 3-103,text,false,,2225,0,10,103,0,0,2001
1532620373150,2000,HTTP Request,Non HTTP response code: java.net.ConnectException,Non HTTP response message: Connection refused: connect,hc_spike_2 3-101,text,false,,2225,0,10,103,0,0,2000
1532620373164,2001,HTTP Request,Non HTTP response code: java.net.ConnectException,Non HTTP response message: Connection refused: connect,hc_spike_2 3-105,text,false,,2225,0,10,103,0,0,2001
1532620373164,2003,HTTP Request,Non HTTP response code: java.net.ConnectException,Non HTTP response message: Connection refused: connect,hc_spike_2 3-107,text,false,,2225,0,10,103,0,0,2003
1532620373165,2004,HTTP Request,Non HTTP response code: java.net.ConnectException,Non HTTP response message: Connection refused: connect,hc_spike_2 3-109,text,false,,2225,0,10,103,0,0,2004
1532620374117,2015,HTTP Request,Non HTTP response code: java.net.ConnectException,Non HTTP response message: Connection refused: connect,hc_spike_2 3-102,text,false,,2225,0,10,107,0,0,2015
1532620374148,2002,HTTP Request,Non HTTP response code: java.net.ConnectException,Non HTTP response message: Connection refused: connect,hc_spike_2 3-106,text,false,,2225,0,10,107,0,0,2002
1532620374168,2002,HTTP Request,Non HTTP response code: java.net.ConnectException,Non HTTP response message: Connection refused: connect,hc_spike_2 3-110,text,false,,2225,0,10,107,0,0,2002
1532620374181,2017,HTTP Request,Non HTTP response code: java.net.ConnectException,Non HTTP response message: Connection refused: connect,hc_spike_2 3-108,text,false,,2225,0,10,107,0,0,2017
1532620374182,2016,HTTP Request,Non HTTP response code: java.net.ConnectException,Non HTTP response message: Connection refused: connect,hc_spike_2 3-104,text,false,,2225,0,10,107,0,0,2016
1532620375151,2006,HTTP Request,Non HTTP response code: java.net.ConnectException,Non HTTP response message: Connection refused: connect,hc_spike_2 3-101,text,false,,2225,0,10,110,0,0,2006
1532620375151,2006,HTTP Request,Non HTTP response code: java.net.ConnectException,Non HTTP response message: Connection refused: connect,hc_spike_2 3-103,text,false,,2225,0,10,110,0,0,2006
1532620375169,2004,HTTP Request,Non HTTP response code: java.net.ConnectException,Non HTTP response message: Connection refused: connect,hc_spike_2 3-109,text,false,,2225,0,10,110,0,0,2004
1532620375166,2007,HTTP Request,Non HTTP response code: java.net.ConnectException,Non HTTP response message: Connection refused: connect,hc_spike_2 3-105,text,false,,2225,0,10,110,0,0,2007
1532620375168,2006,HTTP Request,Non HTTP response code: java.net.ConnectException,Non HTTP response message: Connection refused: connect,hc_spike_2 3-107,text,false,,2225,0,10,110,0,0,2006
1532620376133,2025,HTTP Request,Non HTTP response code: java.net.ConnectException,Non HTTP response message: Connection refused: connect,hc_spike_2 3-102,text,false,,2225,0,10,110,0,0,2025
1532620376150,2008,HTTP Request,Non HTTP response code: java.net.ConnectException,Non HTTP response message: Connection refused: connect,hc_spike_2 3-106,text,false,,2225,0,10,110,0,0,2008
1532620376171,2002,HTTP Request,Non HTTP response code: java.net.ConnectException,Non HTTP response message: Connection refused: connect,hc_spike_2 3-110,text,false,,2225,0,10,110,0,0,2002
1532620376199,2021,HTTP Request,Non HTTP response code: java.net.ConnectException,Non HTTP response message: Connection refused: connect,hc_spike_2 3-108,text,false,,2225,0,9,109,0,0,2021
1532620376199,2037,HTTP Request,Non HTTP response code: java.net.ConnectException,Non HTTP response message: Connection refused: connect,hc_spike_2 3-104,text,false,,2225,0,9,109,0,0,2037
1532620377158,2015,HTTP Request,Non HTTP response code: java.net.ConnectException,Non HTTP response message: Connection refused: connect,hc_spike_2 3-103,text,false,,2225,0,9,109,0,0,2015
1532620377158,2015,HTTP Request,Non HTTP response code: java.net.ConnectException,Non HTTP response message: Connection refused: connect,hc_spike_2 3-101,text,false,,2225,0,9,109,0,0,2015
1532620377173,2031,HTTP Request,Non HTTP response code: java.net.ConnectException,Non HTTP response message: Connection refused: connect,hc_spike_2 3-109,text,false,,2225,0,9,109,0,0,2031
1532620377173,2062,HTTP Request,Non HTTP response code: java.net.ConnectException,Non HTTP response message: Connection refused: connect,hc_spike_2 3-105,text,false,,2225,0,8,108,0,0,2062
1532620377174,2061,HTTP Request,Non HTTP response code: java.net.ConnectException,Non HTTP response message: Connection refused: connect,hc_spike_2 3-107,text,false,,2225,0,8,108,0,0,2061
1532620378158,2031,HTTP Request,Non HTTP response code: java.net.ConnectException,Non HTTP response message: Connection refused: connect,hc_spike_2 3-102,text,false,,2225,0,8,108,0,0,2031
1532620378158,2032,HTTP Request,Non HTTP response code: java.net.ConnectException,Non HTTP response message: Connection refused: connect,hc_spike_2 3-106,text,false,,2225,0,8,108,0,0,2032
1532620378220,2016,HTTP Request,Non HTTP response code: java.net.ConnectException,Non HTTP response message: Connection refused: connect,hc_spike_2 3-108,text,false,,2225,0,8,108,0,0,2016
1532620378236,2015,HTTP Request,Non HTTP response code: java.net.ConnectException,Non HTTP response message: Connection refused: connect,hc_spike_2 3-104,text,false,,2225,0,7,107,0,0,2015
1532620379173,2016,HTTP Request,Non HTTP response code: java.net.ConnectException,Non HTTP response message: Connection refused: connect,hc_spike_2 3-101,text,false,,2225,0,7,107,0,0,2016
1532620379173,2016,HTTP Request,Non HTTP response code: java.net.ConnectException,Non HTTP response message: Connection refused: connect,hc_spike_2 3-103,text,false,,2225,0,7,107,0,0,2016
1532620379236,2031,HTTP Request,Non HTTP response code: java.net.ConnectException,Non HTTP response message: Connection refused: connect,hc_spike_2 3-105,text,false,,2225,0,7,107,0,0,2031
1532620379236,2031,HTTP Request,Non HTTP response code: java.net.ConnectException,Non HTTP response message: Connection refused: connect,hc_spike_2 3-107,text,false,,2225,0,7,107,0,0,2031
1532620380190,2031,HTTP Request,Non HTTP response code: java.net.ConnectException,Non HTTP response message: Connection refused: connect,hc_spike_2 3-106,text,false,,2225,0,6,106,0,0,2031
1532620380190,2031,HTTP Request,Non HTTP response code: java.net.ConnectException,Non HTTP response message: Connection refused: connect,hc_spike_2 3-102,text,false,,2225,0,6,106,0,0,2031
1532620380252,2046,HTTP Request,Non HTTP response code: java.net.ConnectException,Non HTTP response message: Connection refused: connect,hc_spike_2 3-104,text,false,,2225,0,5,105,0,0,2046
1532620381190,2046,HTTP Request,Non HTTP response code: java.net.ConnectException,Non HTTP response message: Connection refused: connect,hc_spike_2 3-101,text,false,,2225,0,5,105,0,0,2046
1532620381190,2047,HTTP Request,Non HTTP response code: java.net.ConnectException,Non HTTP response message: Connection refused: connect,hc_spike_2 3-103,text,false,,2225,0,5,105,0,0,2047
1532620381268,2062,HTTP Request,Non HTTP response code: java.net.ConnectException,Non HTTP response message: Connection refused: connect,hc_spike_2 3-105,text,false,,2225,0,5,105,0,0,2062
1532620382221,2047,HTTP Request,Non HTTP response code: java.net.ConnectException,Non HTTP response message: Connection refused: connect,hc_spike_2 3-102,text,false,,2225,0,4,104,0,0,2047
1532620382299,2062,HTTP Request,Non HTTP response code: java.net.ConnectException,Non HTTP response message: Connection refused: connect,hc_spike_2 3-104,text,false,,2225,0,4,104,0,0,2062
1532620383237,2031,HTTP Request,Non HTTP response code: java.net.ConnectException,Non HTTP response message: Connection refused: connect,hc_spike_2 3-101,text,false,,2225,0,3,103,0,0,2031
1532620383237,2031,HTTP Request,Non HTTP response code: java.net.ConnectException,Non HTTP response message: Connection refused: connect,hc_spike_2 3-103,text,false,,2225,0,3,103,0,0,2031
1532620384268,2031,HTTP Request,Non HTTP response code: java.net.ConnectException,Non HTTP response message: Connection refused: connect,hc_spike_2 3-102,text,false,,2225,0,2,102,0,0,2031
1532620385268,2031,HTTP Request,Non HTTP response code: java.net.ConnectException,Non HTTP response message: Connection refused: connect,hc_spike_2 3-101,text,false,,2225,0,1,101,0,0,2031
